pdb,sr,mi,extended_interface
6waq,4.4,3, GLU46 PHE47 SER52 SER54 TYR60 ASP62 LYS65 LEU101
6waq,2.4,1, GLU46 PHE47 SER52 SER54 TYR60 THR61 ASP62 LYS65 LEU101 ASP109
6waq,3.4,2, GLU46 PHE47 SER52 SER54 TYR60 THR61 ASP62 LYS65 LEU101 ASP109
6waq,2.4,2, GLU46 PHE47 SER52 SER54 TYR60 ASP62 LYS65 LEU101 ASP109
6waq,4.4,1, GLU46 PHE47 SER52 SER54 TYR60 THR61 ASP62 LYS65 LEU101 ASP109
6waq,3.4,1, GLU46 PHE47 SER52 SER54 TYR60 THR61 ASP62 LYS65 LEU101 ASP109
6waq,4.4,2, GLU46 PHE47 SER52 SER54 TYR60 THR61 ASP62 LYS65 LEU101 ASP109
6waq,2.4,3, GLU46 PHE47 SER52 SER54 TYR60 ASP62 LYS65 LEU101
6waq,3.4,3, GLU46 PHE47 SER52 SER54 TYR60 ASP62 LYS65 LEU101
1a3r,4.4,1, LYS30 ASP31 TRP47 ASN55 THR58 LYS59
1a3r,4.4,3, ASP31 TRP47 ASN55 LYS59
1a3r,3.4,2, LYS30 ASP31 TRP47 ASN55 LYS59
1a3r,2.4,1, LYS30 ASP31 TRP47 ASN55 THR58 LYS59
1a3r,2.4,2, LYS30 ASP31 TRP47 ASN55 LYS59
1a3r,3.4,1, LYS30 ASP31 TRP47 ASN55 THR58 LYS59
1a3r,3.4,3, ASP31 TRP47 ASN55 LYS59
1a3r,4.4,2, LYS30 ASP31 TRP47 ASN55 LYS59
1a3r,2.4,3, ASP31 TRP47 ASN55 LYS59
1a81,4.4,2, GLU23 GLU26 ALA61 ALA77 SER96 ASP97 LEU99 VAL100 ALA204 PRO229 LYS233 HIS243 ALA248
1a81,3.4,3, GLU26 ALA77 SER96 LEU99 PRO229 HIS243
1a81,3.4,2, GLU23 GLU26 ALA61 ALA77 SER96 ASP97 LEU99 VAL100 ALA204 PRO229 LYS233 HIS243 ALA248
1a81,4.4,3, GLU23 GLU26 ALA77 SER96 ASP97 LEU99 PRO229 LYS233 HIS243
1a81,2.4,1, GLU23 GLU26 ALA52 ALA61 ALA77 GLY79 HIS92 SER96 ASP97 LEU99 VAL100 ALA204 PRO229 HIS243 ALA248
1a81,3.4,1, GLU23 GLU26 ALA52 ALA61 ALA77 GLY79 HIS92 SER96 ASP97 LEU99 VAL100 ALA204 PRO229 LYS233 HIS243 ALA248
1a81,4.4,1, GLU23 GLU26 ALA52 ALA61 ALA77 GLY79 HIS92 SER96 ASP97 LEU99 VAL100 ALA204 PRO229 LYS233 HIS243 ALA248
1a81,2.4,3, GLU26 ALA77 LEU99 PRO229 HIS243
1a81,2.4,2, GLU23 GLU26 ALA77 SER96 ASP97 LEU99 ALA204 PRO229 HIS243 ALA248
1b8h,4.4,2, VAL34 THR38 PRO106 SER158 ASP203 VAL205 ILE218 MET220 ASP223
1b8h,3.4,2, VAL34 THR38 PRO106 ASP203 VAL205 ILE218 MET220 ASP223
1b8h,2.4,2, VAL34 THR38 PRO106 ASP203 VAL205 ILE218 MET220
1b8h,3.4,3, VAL34 PRO106 ASP203 VAL205 MET220
1b8h,3.4,1, VAL34 THR38 PRO106 ASP203 VAL205 ILE218 MET220 ASP223
1b8h,2.4,3, VAL34 PRO106 VAL205 MET220
1b8h,4.4,3, VAL34 PRO106 ASP203 VAL205 MET220 ASP223
1b8h,2.4,1, VAL34 THR38 PRO106 ASP203 VAL205 ILE218 MET220 ASP223
1b8h,4.4,1, VAL34 THR38 PRO106 SER158 ASP203 VAL205 ILE218 MET220 ASP223
1axd,4.4,2, PHE51 GLY52
1axd,4.4,1, PHE51 GLY52
1axd,3.4,1, PHE51 GLY52
1axd,4.4,3, PHE51
1axd,2.4,2, GLY52
1axd,2.4,3,
1axd,2.4,1, GLY52
1axd,3.4,3,
1axd,3.4,2, GLY52
1aya,2.4,2, VAL14 THR42 VAL51 TYR66 GLY68 TYR81 LEU88 GLY93 ILE96
1aya,3.4,1, VAL14 THR42 VAL51 TYR66 GLY68 TYR81 GLN87 LEU88 GLY93 ILE96
1aya,2.4,3, VAL14 TYR66 GLY68 TYR81 GLY93
1aya,2.4,1, VAL14 THR42 VAL51 TYR66 GLY68 TYR81 GLN87 LEU88 GLY93 ILE96
1aya,3.4,2, VAL14 THR42 VAL51 TYR66 GLY68 TYR81 GLN87 LEU88 GLY93 ILE96
1aya,4.4,2, VAL14 THR42 VAL51 TYR66 GLY68 TYR81 GLN87 LEU88 GLY93 ILE96
1aya,3.4,3, VAL14 TYR66 GLY68 TYR81 GLY93
1aya,4.4,3, VAL14 TYR66 GLY68 TYR81 GLY93
1aya,4.4,1, VAL14 THR42 VAL51 TYR66 GLY68 TYR81 GLN87 LEU88 GLY93 ILE96
1i8l,4.4,2, ASP90
1i8l,2.4,1, THR41 ASP90
1i8l,3.4,1, THR41 SER44 ASP90
1i8l,3.4,2, ASP90
1i8l,3.4,3, ASP90
1i8l,4.4,3, ASP90
1i8l,2.4,3, ASP90
1i8l,2.4,2, ASP90
1i8l,4.4,1, THR41 SER44 ASN48 ASP90
1i85,2.4,3, LYS90
1i85,2.4,3, LYS90
1i85,2.4,3, LYS90
1i85,2.4,3, LYS90
1i85,2.4,3, LYS90
1i85,2.4,3, LYS90
1i85,2.4,2, GLN84 LYS90
1ab9,4.4,2, GLU20 PRO24 LEU123
1ab9,4.4,1, GLU20 PRO24 THR117 LEU123
1ab9,2.4,3, GLU20 PRO24 LEU123
1ab9,3.4,2, GLU20 PRO24 LEU123
1ab9,4.4,3, GLU20 PRO24 LEU123
1ab9,2.4,1, GLU20 PRO24 THR117 LEU123
1ab9,3.4,1, GLU20 PRO24 THR117 LEU123
1ab9,2.4,2, GLU20 PRO24 LEU123
1ab9,3.4,3, GLU20 PRO24 LEU123
1a5h,3.4,3, GLU170
1a5h,4.4,2, LEU136 GLU170 HIS172
1a5h,2.4,1, HIS27 ILE52 LEU136 GLU170 HIS172
1a5h,4.4,3, GLU170
1a5h,3.4,1, HIS27 ILE52 LEU136 GLU170 HIS172
1a5h,2.4,3, GLU170
1a5h,4.4,1, HIS27 ILE52 SER53 LEU136 GLU170 HIS172
1a5h,3.4,2, LEU136 GLU170
1a5h,2.4,2, LEU136 GLU170
3mhp,2.4,3,LYS41 ASP45 ASP101 HIS183 SER201
3mhp,2.4,2,LYS41 ASP45 ASP101 HIS183 SER201
3mhp,2.4,1,ASN39 LYS41 ASP45 VAL55 GLY97 ASP101 ARG172 PHE179 HIS183 SER201
3mhp,3.4,3,LYS41 ASP45 ASP101 HIS183 SER201
3mhp,3.4,2,ASN39 LYS41 ASP45 ASP101 HIS183 SER201
3mhp,3.4,1,ASN39 LYS41 ASP45 VAL55 GLY97 ASP101 ARG172 PHE179 HIS183 GLN187 SER201
3mhp,4.4,3,LYS41 ASP45 ASP101 HIS183 SER201
3mhp,4.4,2,ASN39 LYS41 ASP45 ASP101 SER102 HIS183 SER201
3mhp,4.4,1,ASN39 LYS41 ASP45 VAL55 GLY97 ASP101 SER102 ARG172 PHE179 HIS183 GLN187 SER201
2l7u,2.4,3,PHE77
2l7u,2.4,2,PHE77
2l7u,2.4,1,PHE77
2l7u,3.4,3,PHE77
2l7u,3.4,2,ASN5 PHE77
2l7u,3.4,1,ASN5 PHE77
2l7u,4.4,3,ASN5 PHE77
2l7u,4.4,2,ASN5 PHE77
2l7u,4.4,1,ASN5 PHE77
3dxc,2.4,3,PRO556 GLY558 GLY615 PRO629 PHE632 SER645
3dxc,2.4,2,PRO556 GLY558 GLY615 ALA626 PRO629 PHE632 ALA643 SER645
3dxc,2.4,1,PRO556 GLY558 ASN563 GLY615 ASP617 ALA626 PRO629 PHE632 ALA643 SER645
3dxc,3.4,3,PRO556 GLY558 GLY615 PRO629 PHE632 SER645
3dxc,3.4,2,PRO556 GLY558 GLY615 ALA626 PRO629 PHE632 ALA643 SER645
3dxc,3.4,1,PRO556 GLY558 ASN563 GLY615 ASP617 ALA626 PRO629 PHE632 ALA643 SER645
3dxc,4.4,3,PRO556 GLY558 GLY615 PRO629 PHE632 SER645
3dxc,4.4,2,PRO556 GLY558 GLY615 ALA626 PRO629 PHE632 ALA643 SER645
3dxc,4.4,1,PRO556 GLY558 ASN563 GLY615 ASP617 ALA626 PRO629 PHE632 ALA643 SER645
3rtx,2.4,3,GLN382
3rtx,2.4,2,GLN382
3rtx,2.4,1,GLN382
3rtx,3.4,3,GLN382
3rtx,3.4,2,GLN382
3rtx,3.4,1,GLN382
3rtx,4.4,3,GLN382
3rtx,4.4,2,GLN382
3rtx,4.4,1,GLN382
1i3z,2.4,3,ARG13 PRO72 TYR86 LEU93 VAL94
1i3z,2.4,2,ARG13 ALA69 PRO72 THR74 LYS85 TYR86 LEU93 VAL94
1i3z,2.4,1,ARG13 CYS15 CYS43 ALA69 PRO72 THR74 LYS85 TYR86 LEU93 VAL94
1i3z,3.4,3,ARG13 PRO72 TYR86 LEU93 VAL94
1i3z,3.4,2,ARG13 ALA69 PRO72 THR74 LYS85 TYR86 LEU93 VAL94
1i3z,3.4,1,ARG13 CYS15 CYS43 ALA69 PRO72 THR74 LYS85 TYR86 LEU93 VAL94
1i3z,4.4,3,ARG13 PRO72 TYR86 LEU93 VAL94
1i3z,4.4,2,ARG13 ALA69 PRO72 THR74 LYS85 TYR86 LEU93 VAL94
1i3z,4.4,1,ARG13 CYS15 CYS43 ALA69 PRO72 THR74 LYS85 TYR86 LEU93 VAL94
2vif,2.4,3,GLU395 ASP413 THR428 VAL448 ALA469 THR482
2vif,2.4,2,GLU395 ASP413 THR428 VAL448 HIS451 ALA469 THR482
2vif,2.4,1,GLU395 ASP413 LYS427 THR428 VAL448 HIS451 ALA469 THR482
2vif,3.4,3,GLU395 ASP413 THR428 VAL448 ALA469 THR482
2vif,3.4,2,GLU395 ASP413 THR428 VAL448 HIS451 ALA469 THR482
2vif,3.4,1,GLU395 ASP413 LYS427 THR428 VAL448 HIS451 ALA469 THR482
2vif,4.4,3,GLU395 ASP413 THR428 VAL448 ALA469 THR482
2vif,4.4,2,GLU395 ASP413 THR428 VAL448 HIS451 ALA469 THR482
2vif,4.4,1,GLU395 ASP413 LYS427 THR428 VAL448 HIS451 ALA469 THR482
148l,2.4,3,TYR24 GLY110
148l,2.4,2,GLU22 TYR24 GLY110 THR142
148l,2.4,1,ASP20 GLU22 TYR24 GLY110 THR142
148l,3.4,3,TYR24 GLY110
148l,3.4,2,GLU22 TYR24 GLY110 THR142
148l,3.4,1,ASP20 GLU22 TYR24 GLY110 THR142
148l,4.4,3,TYR24 GLY110
148l,4.4,2,GLU22 TYR24 GLY110 THR142
148l,4.4,1,ASP20 GLU22 TYR24 GLY110 THR142
1b0r,2.4,3,MET5 PHE9 MET45 ALA69 THR80 ALA150 THR163
1b0r,2.4,2,MET5 PHE9 MET45 TYR59 ALA69 THR80 LYS146 ALA150 THR163
1b0r,2.4,1,MET5 PHE9 ALA24 MET45 TYR59 ALA69 HIS74 THR80 ILE124 LYS146 ALA150 LEU160 THR163 CYS164
1b0r,3.4,3,MET5 PHE9 MET45 ALA69 THR80 ALA150 THR163
1b0r,3.4,2,MET5 PHE9 MET45 TYR59 ALA69 THR80 LYS146 ALA150 THR163
1b0r,3.4,1,MET5 PHE9 ALA24 MET45 TYR59 ALA69 HIS74 THR80 ILE124 LYS146 ALA150 LEU160 THR163 CYS164
1b0r,4.4,3,MET5 PHE9 MET45 ALA69 THR80 ALA150 THR163
1b0r,4.4,2,MET5 PHE9 MET45 TYR59 ALA69 THR80 LYS146 ALA150 THR163
1b0r,4.4,1,MET5 PHE9 ALA24 MET45 TYR59 ALA69 HIS74 THR80 ILE124 LYS146 ALA150 LEU160 THR163 CYS164
1bqh,2.4,3,LEU81 ILE95 THR163
1bqh,2.4,2,TYR22 GLY69 LEU81 ILE95 THR163
1bqh,2.4,1,LEU5 TYR22 TYR45 ARG62 GLY69 VAL76 LEU81 ILE95 ILE124 ILE142 ALA150 THR163
1bqh,3.4,3,LEU81 ILE95 THR163
1bqh,3.4,2,TYR22 GLY69 LEU81 ILE95 THR163
1bqh,3.4,1,LEU5 TYR22 TYR45 ARG62 GLY69 VAL76 LEU81 ILE95 ILE124 ILE142 ALA150 THR163
1bqh,4.4,3,LEU81 ILE95 THR163
1bqh,4.4,2,TYR22 GLY69 LEU81 ILE95 THR163
1bqh,4.4,1,LEU5 TYR22 TYR45 ARG62 GLY69 VAL76 LEU81 ILE95 ILE124 ILE142 ALA150 THR163
1f4v,2.4,3,GLU93 ILE96 ALA98 THR115
1f4v,2.4,2,GLU93 ILE96 ALA98 SER104 VAL107 THR115
1f4v,2.4,1,GLU93 ILE96 ALA98 ALA103 SER104 VAL107 THR115
1f4v,3.4,3,GLU93 ILE96 ALA98 THR115
1f4v,3.4,2,GLU93 ILE96 ALA98 SER104 VAL107 THR115
1f4v,3.4,1,ALA88 GLU93 ILE96 ALA98 ALA103 SER104 VAL107 THR115
1f4v,4.4,3,GLU93 ILE96 ALA98 THR115
1f4v,4.4,2,GLU93 ILE96 ALA98 SER104 VAL107 THR115
1f4v,4.4,1,ALA88 GLU93 ILE96 ALA98 ALA103 SER104 VAL107 THR115 GLU118
1joj,5.4,3,PRO23 LYS39 ASN41 PRO68 HIS205 PRO206
1joj,5.4,2,PRO23 LYS39 ASN41 PRO68 HIS205 PRO206
1joj,5.4,1,PRO23 LYS39 ASN41 PRO68 ALA70 GLY163 LEU198 HIS205 PRO206
1jp5,5.4,3,ASN32 ASN33 SER97 HIS98 THR180 PHE234
1jp5,5.4,2,ASN32 ASN33 SER97 HIS98 THR180 PHE234
1jp5,5.4,1,ASN32 ASN33 PHE94 SER97 HIS98 THR157 THR180 PHE234
3mhp,5.4,3,LYS41 ASP45 ASP101 HIS183 SER201
3mhp,5.4,2,ASN39 LYS41 ASP45 ASP101 SER102 HIS183 SER201
3mhp,5.4,1,ASN39 LYS41 ASP45 VAL55 GLY97 ASP101 SER102 ARG172 PHE179 HIS183 GLN187 SER201
2l7u,5.4,3,ASN5 PHE77
2l7u,5.4,2,ASN5 PHE77
2l7u,5.4,1,ASN5 PHE77
3dxc,5.4,3,PRO556 GLY558 GLY615 PRO629 PHE632 SER645
3dxc,5.4,2,PRO556 GLY558 GLY615 ALA626 PRO629 PHE632 ALA643 SER645
3dxc,5.4,1,PRO556 GLY558 ASN563 GLY615 ASP617 ALA626 PRO629 PHE632 ALA643 SER645
3rtx,5.4,3,GLN382
3rtx,5.4,2,GLN382
3rtx,5.4,1,GLN382
1i3z,5.4,3,ARG13 PRO72 TYR86 LEU93 VAL94
1i3z,5.4,2,ARG13 ALA69 PRO72 THR74 LYS85 TYR86 LEU93 VAL94
1i3z,5.4,1,ARG13 CYS15 CYS43 ALA69 PRO72 THR74 LYS85 TYR86 LEU93 VAL94
2vif,5.4,3,GLU395 ASP413 THR428 VAL448 ALA469 THR482
2vif,5.4,2,GLU395 ASP413 THR428 VAL448 HIS451 ALA469 THR482
2vif,5.4,1,GLU395 ASP413 LYS427 THR428 VAL448 HIS451 ALA469 THR482
148l,5.4,3,TYR24 GLY110
148l,5.4,2,GLU22 TYR24 GLY110 THR142
148l,5.4,1,ASP20 GLU22 TYR24 GLY110 THR142
1b0r,5.4,3,MET5 PHE9 MET45 ALA69 GLN72 THR80 ALA150 THR163
1b0r,5.4,2,MET5 PHE9 MET45 TYR59 ALA69 GLN72 THR80 LYS146 ALA150 THR163
1b0r,5.4,1,MET5 PHE9 ALA24 MET45 TYR59 ALA69 GLN72 HIS74 THR80 ILE124 LYS146 ALA150 LEU160 THR163 CYS164
1bqh,5.4,3,LEU81 ILE95 THR163
1bqh,5.4,2,TYR22 GLY69 LEU81 ILE95 THR163
1bqh,5.4,1,LEU5 TYR22 TYR45 ARG62 GLN65 GLY69 VAL76 LEU81 ILE95 ILE124 ILE142 ALA150 THR163
1f4v,5.4,3,GLU93 ILE96 ALA98 THR115
1f4v,5.4,2,GLU93 ILE96 ALA98 SER104 VAL107 THR115
1f4v,5.4,1,ALA88 GLU93 ILE96 ALA98 ALA103 SER104 VAL107 THR115 GLU118
6waq,5.4,3,GLU46 PHE47 SER52 SER54 TYR60 ASP62 LYS65 LEU101
6waq,5.4,2,GLU46 PHE47 SER52 SER54 TYR60 THR61 ASP62 LYS65 LEU101 ASP109
6waq,5.4,1,SER30 GLU46 PHE47 SER52 SER54 TYR60 THR61 ASP62 LYS65 LEU101 ASP109
1i8l,5.4,3,ASP90
1i8l,5.4,2,ASP90
1i8l,5.4,1,THR41 SER44 ASN48 ASP90
1a3r,5.4,3,ASP31 TRP47 ASN55 LYS59
1a3r,5.4,2,LYS30 ASP31 TRP47 ASN55 LYS59
1a3r,5.4,1,LYS30 ASP31 TRP47 ASN55 THR58 LYS59
1a5h,5.4,3,GLU170 HIS172
1a5h,5.4,2,LEU136 GLU170 HIS172
1a5h,5.4,1,HIS27 ILE52 SER53 LEU136 GLU170 HIS172
1a81,5.4,3,GLU23 GLU26 ALA77 SER96 ASP97 LEU99 PRO229 LYS233 HIS243
1a81,5.4,2,GLU23 GLU26 ALA61 ALA77 SER96 ASP97 LEU99 VAL100 ALA204 PRO229 LYS233 HIS243 ALA248
1a81,5.4,1,GLU23 GLU26 ALA52 ALA61 ALA77 GLY79 HIS92 SER96 ASP97 LEU99 VAL100 ALA204 PRO229 LYS233 HIS243 ALA248
1ab9,5.4,3,GLU20 PRO24 LEU123
1ab9,5.4,2,GLU20 PRO24 LEU123
1ab9,5.4,1,GLU20 PRO24 THR117 LEU123
1axd,5.4,3,PHE51
1axd,5.4,2,PHE51 GLY52
1axd,5.4,1,PHE51 GLY52
1aya,5.4,3,VAL14 TYR66 GLY68 TYR81 GLY93
1aya,5.4,2,VAL14 THR42 VAL51 TYR66 GLY68 TYR81 GLN87 LEU88 GLY93 ILE96
1aya,5.4,1,VAL14 THR42 VAL51 TYR66 GLY68 TYR81 GLN87 LEU88 GLY93 ILE96
1b8h,5.4,3,VAL34 PRO106 ASP203 VAL205 MET220 ASP223
1b8h,5.4,2,VAL34 THR38 PRO106 SER158 ASP203 VAL205 ILE218 MET220 ASP223
1b8h,5.4,1,VAL34 THR38 PRO106 SER158 ASP203 VAL205 ILE218 MET220 ASP223
